Campus,College,Program / Degree,Major/ Track / Specialization
Main Campus,College of Arts and Humanities,Bachelor of Arts in Communication,
Main Campus,College of Arts and Humanities,Bachelor of Arts in Political Science,
Main Campus,College of Arts and Humanities,Bachelor of Arts in Philippine Studies,
Main Campus,College of Arts and Humanities,Bachelor of Science in Social Work,
Main Campus,College of Arts and Humanities,Bachelor of Science in Psychology,Clinical Psychology Track
Main Campus,College of Arts and Humanities,Bachelor of Science in Psychology,Industrial Organization Track
Main Campus,College of Business and Accountancy,Bachelor of Science in Accountancy,
Main Campus,College of Business and Accountancy,Bachelor of Science in Management Accounting,
Main Campus,College of Business and Accountancy,Bachelor of Science in Business Administration,Human Resource Management
Main Campus,College of Business and Accountancy,Bachelor of Science in Business Administration,Business Economics
Main Campus,College of Business and Accountancy,Bachelor of Science in Business Administration,Financial Management
Main Campus,College of Business and Accountancy,Bachelor of Science in Business Administration,Marketing Management
Main Campus,College of Business and Accountancy,Bachelor of Science in Entrepreneurship,Track 1-Franchising and Trading
Main Campus,College of Business and Accountancy,Bachelor of Science in Entrepreneurship,Track 2-Agri-business
Main Campus,College of Business and Accountancy,Bachelor of Science in Entrepreneurship,Track 3-Innovation and Technology
Main Campus,College of Business and Accountancy,Bachelor of Science in Public Administration,
Main Campus,College of Criminal Justice Education,Bachelor of Science in Criminology,
Main Campus,College of Engineering Architecture and Technology,Bachelor of Science in Architecture,
Main Campus,College of Engineering Architecture and Technology,Bachelor of Science in Civil Engineering,
Main Campus,College of Engineering Architecture and Technology,Bachelor of Science in Electrical Engineering,
Main Campus,College of Engineering Architecture and Technology,Bachelor of Science in Mechanical Engineering,
Main Campus,College of Engineering Architecture and Technology,Bachelor of Science in Petroleum Engineering,
Main Campus,College of Hospitality Management and Tourism,Bachelor of Science in Hospitality Management,Specialized Track 1-Culinary Arts and Kitchen Management
Main Campus,College of Hospitality Management and Tourism,Bachelor of Science in Hospitality Management,Specialized Track 2-Hotel Resort and Club Management
Main Campus,College of Hospitality Management and Tourism,Bachelor of Science in Tourism Management,
Main Campus,College of Nursing and Health Sciences,Bachelor of Science in Nursing,
Main Campus,College of Nursing and Health Sciences,Bachelor of Science in Midwifery,
Main Campus,College of Nursing and Health Sciences,Diploma in Midwifery,
Main Campus,College of Sciences,Bachelor of Science in Biology,Medical Biology
Main Campus,College of Sciences,Bachelor of Science in Biology,Preparatory Medicine
Main Campus,College of Sciences,Bachelor of Science in Marine Biology,
Main Campus,College of Sciences,Bachelor of Science in Computer Science,
Main Campus,College of Sciences,Bachelor of Science in Environmental Science,
Main Campus,College of Sciences,Bachelor of Science in Information Technology,
Main Campus,College of Teacher Education,Bachelor of Elementary Education,
Main Campus,College of Teacher Education,Bachelor of Secondary Education,English
Main Campus,College of Teacher Education,Bachelor of Secondary Education,Filipino
Main Campus,College of Teacher Education,Bachelor of Secondary Education,Mathematics
Main Campus,College of Teacher Education,Bachelor of Secondary Education,Science
Main Campus,College of Teacher Education,Bachelor of Secondary Education,Social Studies
Main Campus,College of Teacher Education,Bachelor of Secondary Education,Values Education
Main Campus,College of Teacher Education,Bachelor of Physical Education,
Main Campus,PSU-SAN RAFAEL,Bachelor of Science in Entrepreneurship,
Main Campus,PSU-SAN RAFAEL,Bachelor of Science in Hospitality Management,
Main Campus,PSU-SAN RAFAEL,Bachelor of Science in Agriculture,
Main Campus,PSU-SAN RAFAEL,Bachelor of Elementary Education,
PSU-PCAT CUYO,PCAT Cluster,Bachelor of Arts in Political Science,
PSU-PCAT CUYO,PCAT Cluster,Bachelor of Industrial Technology,Automotive Technology
PSU-PCAT CUYO,PCAT Cluster,Bachelor of Industrial Technology,Construction Technology
PSU-PCAT CUYO,PCAT Cluster,Bachelor of Industrial Technology,Electronics Technology
PSU-PCAT CUYO,PCAT Cluster,Bachelor of Industrial Technology,Marine Engineering Technology
PSU-PCAT CUYO,PCAT Cluster,Bachelor of Science in Criminology,
PSU-PCAT CUYO,PCAT Cluster,Bachelor of Science in Business Administration,Human Resource Management
PSU-PCAT CUYO,PCAT Cluster,Bachelor of Science in Business Administration,Financial Management
PSU-PCAT CUYO,PCAT Cluster,Bachelor of Science in Hospitality Management,Specialized Track 1-Culinary Arts and Kitchen Management
PSU-PCAT CUYO,PCAT Cluster,Bachelor of Science in Hospitality Management,Specialized Track 2-Hotel Resort and Club Management
PSU-PCAT CUYO,PCAT Cluster,Bachelor of Science in Tourism Management,
PSU-PCAT CUYO,PCAT Cluster,Bachelor of Elementary Education,
PSU-PCAT CUYO,PCAT Cluster,Bachelor of Secondary Education,English
PSU-PCAT CUYO,PCAT Cluster,Bachelor of Secondary Education,Filipino
PSU-PCAT CUYO,PCAT Cluster,Bachelor of Secondary Education,Mathematics
PSU-PCAT CUYO,PCAT Cluster,Bachelor of Technical-Vocational Teacher Education,Civil and Construction Technology
PSU-PCAT CUYO,PCAT Cluster,Bachelor of Technical-Vocational Teacher Education,Electrical Technology
PSU-PCAT CUYO,PCAT Cluster,Bachelor of Technical-Vocational Teacher Education,Garments Fashion and Design
PSU-PCAT CUYO,PCAT Cluster,Bachelor of Technical-Vocational Teacher Education,Computer Hardware Servicing
PSU-ARACELI,Oriental Cluster,Bachelor of Science in Business Administration,Human Resource Management
PSU-ARACELI,Oriental Cluster,Bachelor of Science in Entrepreneurship,Track 1-Franchising and Trading
PSU-BALABAC,Del Sur,Bachelor of Science in Entrepreneurship,
PSU-BALABAC,Del Sur,Bachelor of Science in Agriculture,
PSU-BATARAZA,Del Sur,Bachelor of Science in Business Administration,Financial Management
PSU-BATARAZA,Del Sur,Bachelor of Science in Agriculture,
PSU-BATARAZA,Del Sur,Bachelor of Science in Information Technology,
PSU-BATARAZA,Del Sur,Bachelor of Elementary Education,
PSU-BROOKES POINT,Del Sur,Bachelor of Science in Criminology,
PSU-BROOKES POINT,Del Sur,Bachelor of Science in Business Administration,Human Resource Management
PSU-BROOKES POINT,Del Sur,Bachelor of Science in Business Administration,Financial Management
PSU-BROOKES POINT,Del Sur,Bachelor of Science in Business Administration,Marketing Management
PSU-BROOKES POINT,Del Sur,Bachelor of Science in Hospitality Management,Specialized Track 1-Culinary Arts and Kitchen Management
PSU-BROOKES POINT,Del Sur,Bachelor of Science in Hospitality Management,Specialized Track 2-Hotel Resort and Club Management
PSU-BROOKES POINT,Del Sur,Bachelor of Science in Agriculture,
PSU-BROOKES POINT,Del Sur,Bachelor of Science in Information Technology,
PSU-BROOKES POINT,Del Sur,Bachelor of Elementary Education,
PSU-BROOKES POINT,Del Sur,Bachelor of Secondary Education,English
PSU-BROOKES POINT,Del Sur,Bachelor of Secondary Education,Filipino
PSU-BROOKES POINT,Del Sur,Bachelor of Secondary Education,Mathematics
PSU-CORON,Del Norte,Bachelor of Science in Criminology,
PSU-CORON,Del Norte,Bachelor of Science in Business Administration,Financial Management
PSU-CORON,Del Norte,Bachelor of Science in Business Administration,Marketing Management
PSU-CORON,Del Norte,Bachelor of Science in Hospitality Management,Specialized Track 1-Culinary Arts and Kitchen Management
PSU-CORON,Del Norte,Bachelor of Science in Hospitality Management,Specialized Track 2-Hotel Resort and Club Management
PSU-CORON,Del Norte,Bachelor of Science in Tourism Management,
PSU-CORON,Del Norte,Bachelor of Elementary Education,
PSU-CORON,Del Norte,Bachelor of Secondary Education,English
PSU-CORON,Del Norte,Bachelor of Secondary Education,Social Studies
PSU-DUMARAN,Oriental Cluster,Bachelor of Science in Entrepreneurship,Track 1-Agri-business
PSU-DUMARAN,Oriental Cluster,Bachelor of Science in Agriculture,
PSU-EL NIDO,Del Norte,Bachelor of Science in Entrepreneurship,
PSU-EL NIDO,Del Norte,Bachelor of Science in Hospitality Management,Specialized Track 1-Culinary Arts and Kitchen Management
PSU-EL NIDO,Del Norte,Bachelor of Science in Hospitality Management,Specialized Track 2-Hotel Resort and Club Management
PSU-EL NIDO,Del Norte,Bachelor of Science in Tourism Management,
PSU-LINAPACAN,Del Norte,Bachelor of Science in Tourism Management,
PSU-LINAPACAN,Del Norte,Bachelor of Science in Fisheries,
PSU-NARRA,Occidental,Bachelor of Arts in Political Science,
PSU-NARRA,Occidental,Bachelor of Science in Criminology,
PSU-NARRA,Occidental,Bachelor of Science in Business Administration,Financial Management
PSU-NARRA,Occidental,Bachelor of Science in Business Administration,Marketing Management
PSU-NARRA,Occidental,Bachelor of Science in Entrepreneurship,
PSU-NARRA,Occidental,Bachelor of Science in Hospitality Management,Specialized Track 1-Culinary Arts and Kitchen Management
PSU-NARRA,Occidental,Bachelor of Science in Hospitality Management,Specialized Track 2-Hotel Resort and Club Management
PSU-NARRA,Occidental,Bachelor of Science in Tourism Management,
PSU-NARRA,Occidental,Bachelor of Science in Agriculture,
PSU-NARRA,Occidental,Bachelor of Science in Computer Science,
PSU-NARRA,Occidental,Bachelor of Elementary Education,
PSU-QUEZON,Occidental,Bachelor of Science in Business Administration,Human Resource Management
PSU-QUEZON,Occidental,Bachelor of Science in Business Administration,Marketing Management
PSU-QUEZON,Occidental,Bachelor of Science in Entrepreneurship,Track 2-Agri-business
PSU-QUEZON,Occidental,Bachelor of Science in Hospitality Management,Specialized Track 1-Culinary Arts and Kitchen Management
PSU-QUEZON,Occidental,Bachelor of Science in Hospitality Management,Specialized Track 2-Hotel Resort and Club Management
PSU-QUEZON,Occidental,Bachelor of Science in Agriculture,
PSU-QUEZON,Occidental,Bachelor of Science in Information Technology,
PSU-QUEZON,Occidental,Bachelor of Elementary Education,
PSU-QUEZON,Occidental,Bachelor of Secondary Education,Social Studies
PSU-RIZAL,Occidental,Bachelor of Science in Entrepreneurship,
PSU-RIZAL,Occidental,Bachelor of Science in Agriculture,
PSU-RIZAL,Occidental,Bachelor of Science in Computer Science,
PSU-RIZAL,Occidental,Bachelor of Science in Environmental Science,
PSU-ROXAS,Oriental Cluster,Bachelor of Science in Criminology,
PSU-ROXAS,Oriental Cluster,Bachelor of Science in Business Administration,Human Resource Management
PSU-ROXAS,Oriental Cluster,Bachelor of Science in Hospitality Management,Specialized Track 1-Culinary Arts and Kitchen Management
PSU-ROXAS,Oriental Cluster,Bachelor of Science in Hospitality Management,Specialized Track 2-Hotel Resort and Club Management
PSU-ROXAS,Oriental Cluster,Bachelor of Science in Computer Science,
PSU-ROXAS,Oriental Cluster,Bachelor of Elementary Education,
PSU-ROXAS,Oriental Cluster,Bachelor of Secondary Education,Social Studies
PSU-SAN VICENTE,Oriental Cluster,Bachelor of Arts in Political Science,
PSU-SAN VICENTE,Oriental Cluster,Bachelor of Science in Entrepreneurship,
PSU-SAN VICENTE,Oriental Cluster,Bachelor of Science in Tourism Management,
PSU-SAN VICENTE,Oriental Cluster,Bachelor of Science in Environmental Science,
PSU-SAN VICENTE,Oriental Cluster,Bachelor of Science in Computer Science,
PSU-SOFRONIO ESPANOLA,Del Sur,Bachelor of Science in Business Administration,Financial Management
PSU-SOFRONIO ESPANOLA,Del Sur,Bachelor of Science in Entrepreneurship,
PSU-SOFRONIO ESPANOLA,Del Sur,Bachelor of Science in Agriculture,
PSU-SOFRONIO ESPANOLA,Del Sur,Bachelor of Elementary Education,
PSU-TAYTAY,Del Norte,Bachelor of Science in Business Administration,Marketing Management
PSU-TAYTAY,Del Norte,Bachelor of Science in Hospitality Management,Specialized Track 1-Culinary Arts and Kitchen Management
PSU-TAYTAY,Del Norte,Bachelor of Science in Hospitality Management,Specialized Track 2-Hotel Resort and Club Management
PSU-TAYTAY,Del Norte,Bachelor of Science in Information Technology,
Manalo Campus,Graduate School,Doctor of Education,
Manalo Campus,Graduate School,Master in Business Administration,
Manalo Campus,Graduate School,Master of Science in Technopreneurship,
Manalo Campus,Graduate School,Master of Arts in Education,Filipino
Manalo Campus,Graduate School,Master of Arts in Education,Guidance and Counseling
Manalo Campus,Graduate School,Master of Arts in Education,Mathematics
Manalo Campus,Graduate School,Master of Arts in Education,Social Science
Manalo Campus,Graduate School,Master of Arts in Education,Physical Education
Manalo Campus,Graduate School,Master of Arts in Education,School Leadership and Instruction
Manalo Campus,Graduate School,Master of Arts in Teaching,Biology
Manalo Campus,Graduate School,Master of Arts in Teaching,Language Studies: English Stream
Manalo Campus,Graduate School,Master of Arts in Teaching,Language Studies: Filipino Stream
Manalo Campus,Graduate School,Master of Science in Environmental Management,
Manalo Campus,Graduate School,Master in Public Administration,
Manalo Campus,Graduate School,Diploma in Teaching,
Manalo Campus,Graduate School,Master of Science in Nursing,Medical-Surgical Nursing
Manalo Campus,Graduate School,Master of Science in Nursing,Nursing Service Administration
Manalo Campus,School of Law,Juris Doctor,